"id","pmid","year","seq","name","len","nter","cter","lin_cyc","chiral","chem_mod","origin","nature","half_life","protease","activity_sub","assay","hemo_sub","test_sample","vivo_vitro"
"1030","20844765","2010","RRWWRF","Glutathione","6","Free","Free","Cyclic (he","L","None","Synthetic","Antimicrobial","~24hours","Human serum proteases","LD99.99â‰¤ 0.45Î¼M for B. subtilis","RP-HPLC","Not hemolytic","Human serum","in vitro"
"1001","20844765","2010","RRWQWR","Lfc4","6","Free","Free","Linear","L","None","Bovine lactoferricin","Antimicrobial","<30minutes","Human serum proteases","LD99.99=60Î¼M for E.coli","RP-HPLC","Not hemolytic","Human serum","in vitro"
"1002","20844765","2010","RRWQWR","Lfc1","6","Free","Free","Linear","L","None","Bovine lactoferricin","Antimicrobial","<30minutes","Human serum proteases","LD99.99=30Î¼M for S. aureus","RP-HPLC","Not hemolytic","Human serum","in vitro"
"1003","20844765","2010","RRWQWR","Lfc1","6","Free","Free","Linear","L","None","Bovine lactoferricin","Antimicrobial","<30minutes","Human serum proteases","LD99.99=7.5 Î¼M for B. subtilis","RP-HPLC","Not hemolytic","Human serum","in vitro"
"1004","20844765","2010","RRWWRF","Com1","6","Free","Free","Linear","L","None","Synthetic","Antimicrobial","<30minutes","Human serum proteases","LD99.99=60Î¼M for E.coli","RP-HPLC","Not hemolytic","Human serum","in vitro"
"1005","20844765","2010","RRWWRF","Com1","6","Free","Free","Linear","L","None","Synthetic","Antimicrobial","<30minutes","Human serum proteases","LD99.99=7.5Î¼M for S. aureus","RP-HPLC","Not hemolytic","Human serum","in vitro"
"1006","20844765","2010","RRWWRF","Com1","6","Free","Free","Linear","L","None","Synthetic","Antimicrobial","<30minutes","Human serum proteases","LD99.99=1.9 Î¼M for B. subtilis","RP-HPLC","Not hemolytic","Human serum","in vitro"
"1007","20844765","2010","RRWQWR","Lfc2","6","Free","Amidation","Linear","L","None","Synthetic","Antimicrobial","<30minutes","Human serum proteases","LD99.99=15Î¼M for E.coli","RP-HPLC","Not hemolytic","Human serum","in vitro"
"1008","20844765","2010","RRWQWR","Lfc2","6","Free","Amidation","Linear","L","None","Synthetic","Antimicrobial","<30minutes","Human serum proteases","LD99.99=15Î¼M for S. aureus","RP-HPLC","Not hemolytic","Human serum","in vitro"
"1009","20844765","2010","RRWQWR","Lfc2","6","Free","Amidation","Linear","L","None","Synthetic","Antimicrobial","<30minutes","Human serum proteases","LD99.99=1.9Î¼M for B. subtilis","RP-HPLC","Not hemolytic","Human serum","in vitro"
"1010","20844765","2010","RRWWRF","Com2","6","Free","Amidation","Linear","L","None","Synthetic","Antimicrobial","<30minutes","Human serum proteases","LD99.99=30Î¼M for E.coli","RP-HPLC","Not hemolytic","Human serum","in vitro"
"1011","20844765","2010","RRWWRF","Com2","6","Free","Amidation","Linear","L","None","Synthetic","Antimicrobial","<30minutes","Human serum proteases","LD99.99=30Î¼M for S. aureus","RP-HPLC","Not hemolytic","Human serum","in vitro"
"1012","20844765","2010","RRWWRF","Com2","6","Free","Amidation","Linear","L","None","Synthetic","Antimicrobial","<30minutes","Human serum proteases","LD99.99=0.9 Î¼M for B. subtilis","RP-HPLC","Not hemolytic","Human serum","in vitro"
"1013","20844765","2010","RRWQWR","UIP","6","Acetylation","Free","Linear","L","None","Synthetic","Antimicrobial","~60minutes","Human serum proteases","LD99.99=120Î¼M for E.coli","RP-HPLC","Not hemolytic","Human serum","in vitro"
"1014","20844765","2010","RRWQWR","BNP","6","Acetylation","Free","Linear","L","None","Synthetic","Antimicrobial","~60minutes","Human serum proteases","LD99.99>120Î¼M for S. aureus","RP-HPLC","Not hemolytic","Human serum","in vitro"
"1015","20844765","2010","RRWQWR","Vasopressin","6","Acetylation","Free","Linear","L","None","Synthetic","Antimicrobial","~60minutes","Human serum proteases","LD99.99=60 Î¼M for B. subtilis","RP-HPLC","Not hemolytic","Human serum","in vitro"
"1016","20844765","2010","RRWWRF","IPP","6","Acetylation","Free","Linear","L","None","Synthetic","Antimicrobial","~60minutes","Human serum proteases","LD99.99=120Î¼M for E.coli","RP-HPLC","Not hemolytic","Human serum","in vitro"
"1017","20844765","2010","RRWWRF","Batifiban","6","Acetylation","Free","Linear","L","None","Synthetic","Antimicrobial","~60minutes","Human serum proteases","LD99.99=30Î¼M for S. aureus","RP-HPLC","Not hemolytic","Human serum","in vitro"
"1018","20844765","2010","RRWWRF","Peginesatide","6","Acetylation","Free","Linear","L","None","Synthetic","Antimicrobial","~60minutes","Human serum proteases","LD99.99=7.5Î¼M for B. subtilis","RP-HPLC","Not hemolytic","Human serum","in vitro"
"1019","20844765","2010","RRWQWR","DAMGO","6","Acetylation","Amidation","Linear","L","None","Synthetic","Antimicrobial","~90minutes","Human serum proteases","LD99.99=15Î¼M for E.coli","RP-HPLC","Not hemolytic","Human serum","in vitro"
"1020","20844765","2010","RRWQWR","Somatostatin","6","Acetylation","Amidation","Linear","L","None","Synthetic","Antimicrobial","~90minutes","Human serum proteases","LD99.99=60Î¼M for S. aureus","RP-HPLC","Not hemolytic","Human serum","in vitro"
"1021","20844765","2010","RRWQWR","Exenatide","6","Acetylation","Amidation","Linear","L","None","Synthetic","Antimicrobial","~90minutes","Human serum proteases","LD99.99=3.8Î¼M for B. subtilis","RP-HPLC","Not hemolytic","Human serum","in vitro"
"1022","20844765","2010","RRWWRF","Epoetin","6","Acetylation","Amidation","Linear","L","None","Synthetic","Antimicrobial","~90minutes","Human serum proteases","LD99.99=7.5Î¼M for E.coli","RP-HPLC","Not hemolytic","Human serum","in vitro"
"1023","20844765","2010","RRWWRF","Glucagon","6","Acetylation","Amidation","Linear","L","None","Synthetic","Antimicrobial","~90minutes","Human serum proteases","LD99.99=7.5Î¼M for S. aureus","RP-HPLC","Not hemolytic","Human serum","in vitro"
"1024","20844765","2010","RRWWRF","GIP","6","Acetylation","Amidation","Linear","L","None","Synthetic","Antimicrobial","~90minutes","Human serum proteases","LD99.99=1.9 Î¼M for B. subtilis","RP-HPLC","Not hemolytic","Human serum","in vitro"
"1025","20844765","2010","RRWQWR","ANP","6","Free","Free","Cyclic (he","L","None","Synthetic","Antimicrobial","~24hours","Human serum proteases","LD99.99=7.5Î¼M for E.coli","RP-HPLC","Not hemolytic","Human serum","in vitro"
"1026","20844765","2010","RRWQWR","Xenin","6","Free","Free","Cyclic (he","L","None","Synthetic","Antimicrobial","~24hours","Human serum proteases","LD99.99=7.5Î¼M for S. aureus","RP-HPLC","Not hemolytic","Human serum","in vitro"
"1027","20844765","2010","RRWQWR","Motilin","6","Free","Free","Cyclic (he","L","None","Synthetic","Antimicrobial","~24hours","Human serum proteases","LD99.99=1.9Î¼M for B. subtilis","RP-HPLC","Not hemolytic","Human serum","in vitro"
"1028","20844765","2010","RRWWRF","Ghrelin","6","Free","Free","Cyclic (he","L","None","Synthetic","Antimicrobial","~24hours","Human serum proteases","LD99.99=30Î¼M for E.coli","RP-HPLC","Not hemolytic","Human serum","in vitro"
"1033","20844765","2010","RRWWRF","Taspoglutide","6","Free","Free","Cyclic (he","L","None","Synthetic","Antimicrobial","~24hours","Human serum proteases","LD99.99=7.5Î¼M for S. aureus","RP-HPLC","Not hemolytic","Human serum","in vitro"
"1032","20844765","2010","RRWWRF","Ghrelin","6","Free","Free","Cyclic (he","L","None","Synthetic","Antimicrobial","~24hours","Human serum proteases","LD99.99â‰¤ 0.45Î¼M for B. subtilis","RP-HPLC","Not hemolytic","Human serum","in vitro"
"1031","20844765","2010","CRRWQWRC","Lfc6","8","Free","Amidation","Cyclic (di","L","None","Synthetic","Antimicrobial","~1.5hours","Human serum proteases","LD99.99=15Î¼M for E.coli","RP-HPLC","Not hemolytic","Human serum","in vitro"
"1032","20844765","2010","CRRWQWRC","Lfc6","8","Free","Amidation","Cyclic (di","L","None","Synthetic","Antimicrobial","~1.5hours","Human serum proteases","LD99.99=3.8Î¼M for S. aureus","RP-HPLC","Not hemolytic","Human serum","in vitro"
"1033","20844765","2010","CRRWQWRC","Lfc6","8","Free","Amidation","Cyclic (di","L","None","Synthetic","Antimicrobial","~1.5hours","Human serum proteases","LD99.99=0.9Î¼M for B. subtilis","RP-HPLC","Not hemolytic","Human serum","in vitro"
"1034","20844765","2010","CRRWWRFC","Com6","8","Free","Amidation","Cyclic (di","L","None","Synthetic","Antimicrobial","6.5hours","Human serum proteases","LD99.99=3.8Î¼M for E.coli","RP-HPLC","Not hemolytic","Human serum","in vitro"
"1035","20844765","2010","CRRWWRFC","Com6","8","Free","Amidation","Cyclic (di","L","None","Synthetic","Antimicrobial","6.5hours","Human serum proteases","LD99.99=0.9Î¼M for S. aureus","RP-HPLC","Not hemolytic","Human serum","in vitro"
"1036","20844765","2010","CRRWWRFC","Com6","8","Free","Amidation","Cyclic (di","L","None","Synthetic","Antimicrobial","6.5hours","Human serum proteases","LD99.99=0.9Î¼M for B. subtilis","RP-HPLC","Not hemolytic","Human serum","in vitro"
"1037","20844765","2010","RRWQWRMKKLG","Lfc7","11","Free","Free","Linear","L","None","Synthetic","Antimicrobial",">30minutes","Human serum proteases","LD99.99=15Î¼M for E.coli","RP-HPLC","Not hemolytic","Human serum","in vitro"
"1038","20844765","2010","RRWQWRMKKLG","Lfc7","11","Free","Free","Linear","L","None","Synthetic","Antimicrobial",">30minutes","Human serum proteases","LD99.99=7.5Î¼M for S. aureus","RP-HPLC","Not hemolytic","Human serum","in vitro"
"1039","20844765","2010","RRWQWRMKKLG","Lfc7","11","Free","Free","Linear","L","None","Synthetic","Antimicrobial",">30minutes","Human serum proteases","LD99.99=0.9Î¼M for B. subtilis","RP-HPLC","Not hemolytic","Human serum","in vitro"
"1040","20844765","2010","CRRWWRFC","Com7","8","Acetylation","Amidation","Cyclic (di","L","None","Synthetic","Antimicrobial","6.5hours","Human serum proteases","LD99.99=30Î¼M for E.coli","RP-HPLC","Not hemolytic","Human serum","in vitro"
"1041","20844765","2010","CRRWWRFC","Com7","8","Acetylation","Amidation","Cyclic (di","L","None","Synthetic","Antimicrobial","6.5hours","Human serum proteases","LD99.99=1.9Î¼M for S. aureus","RP-HPLC","Not hemolytic","Human serum","in vitro"
"1042","20844765","2010","CRRWWRFC","Com7","8","Acetylation","Amidation","Cyclic (di","L","None","Synthetic","Antimicrobial","6.5hours","Human serum proteases","LD99.99â‰¤ 0.45Î¼M for B. subtilis","RP-HPLC","Not hemolytic","Human serum","in vitro"
"1043","20844765","2010","RRWQWRMKKLG","Lfc8","11","Free","Free","Cyclic (he","L","None","Synthetic","Antimicrobial","110minutes","Human serum proteases","LD99.99=3.8 Î¼M for E.coli","RP-HPLC","Not hemolytic","Human serum","in vitro"
"1044","20844765","2010","RRWQWRMKKLG","Lfc8","11","Free","Free","Cyclic (he","L","None","Synthetic","Antimicrobial","110minutes","Human serum proteases","LD99.99=15Î¼M for S. Aureus","RP-HPLC","Not hemolytic","Human serum","in vitro"
"1045","20844765","2010","RRWQWRMKKLG","Lfc8","11","Free","Free","Cyclic (he","L","None","Synthetic","Antimicrobial","110minutes","Human serum proteases","LD99.99â‰¤ 0.45Î¼M for B. subtilis","RP-HPLC","Not hemolytic","Human serum","in vitro"
"1046","20844765","2010","CRRWQWRMKKLGC","Lfc9","13","Free","Amidation","Cyclic (di","L","None","Synthetic","Antimicrobial","110minutes","Human serum proteases","LD99.99=1.9 Î¼M for E.coli","RP-HPLC","Not hemolytic","Human serum","in vitro"
"1047","20844765","2010","CRRWQWRMKKLGC","Lfc9","13","Free","Amidation","Cyclic (di","L","None","Synthetic","Antimicrobial","110minutes","Human serum proteases","LD99.99â‰¤ 0.45Î¼M for S. Aureus","RP-HPLC","Not hemolytic","Human serum","in vitro"
"1048","20844765","2010","CRRWQWRMKKLGC","Lfc9","13","Free","Amidation","Cyclic (di","L","None","Synthetic","Antimicrobial","110minutes","Human serum proteases","LD99.99â‰¤ 0.45Î¼M for B. subtilis","RP-HPLC","Not hemolytic","Human serum","in vitro"
"1049","10495424","1999","AAGIGILTV","MART-127â€“35","9","Free","Free","Linear","L","None","Synthetic","Immunogenic peptides","22seconds","Human plasma proteases and proteases of VMM5 cytotoxic T-lymphocyte","IC50 for inhibition of binding of a standard peptide to HLA-A*0201 molecules is 0.5ÂµM","","Not reported","VMM5 cytotoxic T-lymphocyte line incubated in human plasma","in vitro"
"1050","10495424","1999","AAGIGILTV","PEG-MART-1","9","Free","-NH- PEG5000","Linear","L","None","Synthetic","Immunogenic peptides","","Human plasma proteases and proteases of VMM5 cytotoxic T-lymphocyte","IC50 for inhibition of binding of a standard peptide to HLA-A*0201 molecules is >35ÂµM","","Not reported","VMM5 cytotoxic T-lymphocyte line incubated in human plasma","in vitro"
"1051","10495424","1999","AAGIGILTV","D-MART-1","9","D-Ala","D-Val","Linear","L","None","Synthetic","Immunogenic peptides","","Human plasma proteases and proteases of VMM5 cytotoxic T-lymphocyte","Not tested","","Not reported","VMM5 cytotoxic T-lymphocyte line incubated in human plasma","in vitro"
"1052","10495424","1999","AAGIGILTV","Glyco-MART-1","9","Asn(Î²-D-GlcNHAc)","Free","Linear","L","None","Synthetic","Immunogenic peptides","","Human plasma proteases and proteases of VMM5 cytotoxic T-lymphocyte","Not tested","","Not reported","VMM5 cytotoxic T-lymphocyte line incubated in human plasma","in vitro"
"1053","10495424","1999","AAGIGILTV","Cap-MART-1","9","Acetylation","Amidation","Linear","L","None","Synthetic","Immunogenic peptides","","Human plasma proteases and proteases of VMM5 cytotoxic T-lymphocyte","IC50 for inhibition of binding of a standard peptide to HLA-A*0201 molecules is 65ÂµM","","Not reported","VMM5 cytotoxic T-lymphocyte line incubated in human plasma","in vitro"
"1054","10495424","1999","AAGIGILTV","N-MART-1","9","Acetylation","Free","Linear","L","None","Synthetic","Immunogenic peptides","","Human plasma proteases and proteases of VMM5 cytotoxic T-lymphocyte","IC50 for inhibition of binding of a standard peptide to HLA-A*0201 molecules is 35ÂµM","","Not reported","VMM5 cytotoxic T-lymphocyte line incubated in human plasma","in vitro"
"1055","10495424","1999","AAGIGILTV","C-MART-1","9","Free","Amidation","Linear","L","None","Synthetic","Immunogenic peptides","","Human plasma proteases and proteases of VMM5 cytotoxic T-lymphocyte","IC50 for inhibition of binding of a standard peptide to HLA-A*0201 molecules is 7ÂµM","","Not reported","VMM5 cytotoxic T-lymphocyte line incubated in human plasma","in vitro"
"1056","12270169","2002","ALCDNPRIDRWYCQFVEG","Peptide 1a","18","Acetylation","Amidation","Linear","L","None","Synthetic","Anticoagulant peptide","7.6minutes","Rabbit blood proteases","IC50=1.1nM for fVIIa binding assay","Plasma concentrations of each peptide were quantitated through fVIIa binding","Not reported","Rabbit blood","in vivo"
"1057","12270169","2002","ALCDNPRIDRWYCQFVEG","Peptide 1b","18","Acetylation [(C6H6)2-CO-]","Amidation","Linear","L","None","Synthetic","Anticoagulant peptide","15minutes","Rabbit blood proteases","IC50=4nM for fVIIa binding assay","Plasma concentrations of each peptide were quantitated through fVIIa binding","Not reported","Rabbit blood","in vivo"
"1058","12270169","2002","ALCDNPRIDRWYCQFVEG","Peptide 1c","18","Acetylation [(CH3)2-CH-CH2-(C6H6)-CH(CH3)-CO]","Amidation","Linear","L","None","Synthetic","Anticoagulant peptide","17minutes","Rabbit blood proteases","IC50=14.6nM for fVIIa binding assay","Plasma concentrations of each peptide were quantitated through fVIIa binding","Not reported","Rabbit blood","in vivo"
"1059","12270169","2002","ALCDNPRIDRWYCQFVEG","Peptide 1m","18","Acetylation (Napthalene acyl sulfonamide)","Amidation","Linear","L","None","Synthetic","Anticoagulant peptide","30minutes","Rabbit blood proteases","IC50=1.0nM for fVIIa binding assay","Plasma concentrations of each peptide were quantitated through fVIIa binding","Not reported","Rabbit blood","in vivo"
"1060","12699744","2003","ALCDNPRIDRWYCQFVEG","Peptide 1a","18","Acylation","Amidation","Linear","L","None","Synthetic","Anticoagulant peptide","4.18minutes","Rabbit blood proteases","IC50=9.7nM for fVIIa binding assay in presence 0f 0.1% rabbit serum albumin ","","Not reported","Rabbit blood","in vivo"
"1061","12699744","2003","ALCDNPRIDRWYCQFVEG","Peptide 1b","18","Acylation (Naphthalene acylsulfonamide)","Amidation","Linear","L","None","Synthetic","Anticoagulant peptide","30minutes","Rabbit blood proteases","IC50=24nM for fVIIa binding assay in presence 0f 0.1% rabbit serum albumin ","","Not reported","Rabbit blood","in vivo"
"1062","12699744","2003","ALCDNPRIDRWYCQFVEG","Peptide 5a","18","Acylation [(C6H6)-(C6H12)-(C6H6)]","Amidation","Linear","L","None","Synthetic","Anticoagulant peptide","222minutes","Rabbit blood proteases","IC50=90nM for fVIIa binding assay in presence 0f 0.1% rabbit serum albumin ","","Not reported","Rabbit blood","in vivo"
"1063","12699744","2003","ALCDNPRIDRWYCQFVEG","Peptide 5b","18","Acylation (Naphthalene)","Amidation","Linear","L","None","Synthetic","Anticoagulant peptide","34.8minutes","Rabbit blood proteases","IC50=9.2nM for fVIIa binding assay in presence 0f 0.1% rabbit serum albumin ","","Not reported","Rabbit blood","in vivo"
"1064","12699744","2003","ALCDNPRIDRWYCQFVEG","Peptide 5c","18","Acylation [(C6H6)(CH2)4CH3]","Amidation","Linear","L","None","Synthetic","Anticoagulant peptide","79.1minutes","Rabbit blood proteases","IC50=22nM for fVIIa binding assay in presence 0f 0.1% rabbit serum albumin ","","Not reported","Rabbit blood","in vivo"
"1065","15322125","2004","DAEFRHDSGYEVHHQKLVFFAEDVGSNKGAIIGLMVGGVV","AÎ²(1â€“ 40)","40","Free","Free","Linear","L","None","Derivative of human A precursor protein APP770","Neurodegenerative","2.4minutes","Mouse blood/plasma proteases","Neurodegeneration caused by oligomerization","Radioactivity counting by scintillation counter","Not reported","Mouse blood/plasma","in vivo"
"1066","15322125","2004","DAEFRHDSGYEVHHQKLVFFAEDVGSNKGAIIGLMVGGVVIA","AÎ²(1â€“ 42)","42","Free","Free","Linear","L","None","Derivative of human A precursor protein APP771","Neurodegenerative","2.8minutes","Mouse blood/plasma proteases","Neurodegeneration caused by oligomerization","Radioactivity counting by scintillation counter","Not reported","Mouse blood/plasma","in vivo"
